<?xml version="1.0"?>
<!DOCTYPE modification SYSTEM "http://www.simplemachines.org/xml/modification">
<modification xmlns="http://www.simplemachines.org/xml/modification" xmlns:smf="http://www.simplemachines.org/">
	<id>SMFPacks:seopromod</id>
	<name>SMFPacks: SEO Pro Mod</name>
	<version>2.3.6</version>
	<file name="$boarddir/index.php">
		<operation>
			<search position="replace"><![CDATA[// Fall through to the board index then...]]></search>
			<add><![CDATA[if (isset($_REQUEST['action']) && $_REQUEST['action'] != 'forum')
			header("HTTP/1.0 404 Not Found");
			
	// Fall through to the board index then...]]></add>
		</operation>
	</file>
	
	<file name="$sourcedir/Aeva-Embed.php" error="skip">
		<operation>
			<search position="replace"><![CDATA[// Local files embed - do some magic]]></search>
			<add><![CDATA[// SMFPacks SEO Pro: Compatibility with Aeva
	global $scripturl, $boardurl;
	$match = !empty($modSettings['enable_pretty_actions']) && !empty($modSettings['enable_pretty_urls']) ? $boardurl . '/seored/u=' : $scripturl . '?action=seored;u=';
	if (!empty($modSettings['seo_redirect_external']) && strpos($input, $match) !== false && isset($sites[$upto]['website']) && !empty($sites[$upto]['website'])  && trim($sites[$upto]['website']) !==  '' && trim(str_replace('http://www.', '', $sites[$upto]['website'])) !== '' && strpos($input, str_replace('http://www.', '', $sites[$upto]['website'])) !== false)
	{
		$input = str_replace($match, '', $input);
		$input = urldecode($input);
	}

	// Local files embed - do some magic]]></add>
		</operation>
	</file>
	<file name="$sourcedir/Display.php">
		<operation>
			<search position="replace"><![CDATA[if (!in_array($k, array('topic', 'board', 'start', session_name())))]]></search>
			<add><![CDATA[if (!in_array($k, array('topic', 'board', 'seomod', 'start', session_name())) && strpos($k, '/') === false && substr($k, 0, 1) !== 'b' && substr($k, 0, 1) !== 't')]]></add>
		</operation>
		<operation>
			<search position="replace"><![CDATA[t.approved, t.unapproved_posts,]]></search>
			<add><![CDATA[t.approved, t.unapproved_posts, mem.member_name, t.meta_desc, t.meta_keyword, t.meta_noindex, ms.id_member AS topic_author,]]></add>
		</operation>
		<operation>
			<search position="replace"><![CDATA[LEFT JOIN {db_prefix}log_mark_read AS lmr ON (lmr.id_board = {int:current_board} AND lmr.id_member = {int:current_member})') . ']]></search>
			<add><![CDATA[LEFT JOIN {db_prefix}log_mark_read AS lmr ON (lmr.id_board = {int:current_board} AND lmr.id_member = {int:current_member})') . '
			LEFT JOIN {db_prefix}members AS mem ON (mem.id_member = t.id_member_started)]]></add>
		</operation>
		<operation>
			<search position="replace"><![CDATA[// Censor the title...
	censorText($topicinfo['subject']);
	$context['page_title'] = $topicinfo['subject'];]]></search>
			<add><![CDATA[// Censor the title...
	censorText($topicinfo['subject']);
	censorText($topicinfo['body']);
	parse_acronyms($topicinfo['subject']);
	parse_acronyms($topicinfo['body']);]]></add>
		</operation>
		<operation>
			<search position="replace"><![CDATA[// Load up the "double post" sequencing magic.
	if (!empty($options['display_quick_reply']))
	{
		checkSubmitOnce('register');
		$context['name'] = isset($_SESSION['guest_name']) ? $_SESSION['guest_name'] : '';
		$context['email'] = isset($_SESSION['guest_email']) ? $_SESSION['guest_email'] : '';
	}]]></search>
			<add><![CDATA[// Load up the "double post" sequencing magic.
	if (!empty($options['display_quick_reply']))
	{
		checkSubmitOnce('register');
		$context['name'] = isset($_SESSION['guest_name']) ? $_SESSION['guest_name'] : '';
		$context['email'] = isset($_SESSION['guest_email']) ? $_SESSION['guest_email'] : '';
	}
	
	// Some SEO stuff!
	if (!empty($modSettings['seo_custom_meta']) && $topicinfo['meta_desc'] !== '')
		$context['seo_description'] = $topicinfo['meta_desc'];
	else
		$context['seo_description'] = seo_meta_description(seo_get_body($context['first_message']), true);
		
	if (!empty($modSettings['seo_custom_meta']) && $topicinfo['meta_keyword'] !== '')
		$context['seo_keywords'] = $topicinfo['meta_keyword'];
	else
		$context['seo_keywords'] = seo_meta_keywords($topicinfo['subject'] . ', ' . strip_tags(parse_bbc(seo_get_body($context['first_message']))));
	
	if (!empty($modSettings['seo_custom_meta']) && !empty($topicinfo['meta_noindex']))
		$context['robot_no_index'] = true;
	
	$context['page_title'] = !empty($modSettings['seo_topics_title_format']) ? str_replace(array('{TOPIC_TITLE}', '{AUTHOR_NAME}', '{BOARD_NAME}'), array(strip_tags($topicinfo['subject']), trim($topicinfo['member_name']) != '' ? $topicinfo['member_name'] : $txt['guest'], $board_info['name']), $modSettings['seo_topics_title_format']) : strip_tags($topicinfo['subject']);
	$context['topic_author'] = $topicinfo['topic_author'];]]></add>
		</operation>
		<operation>
			<search position="replace"><![CDATA[// Run BBC interpreter on the message.
	$message['body'] = parse_bbc($message['body'], $message['smileys_enabled'], $message['id_msg']);]]></search>
			<add><![CDATA[// Run BBC interpreter on the message.
	$message['body'] = '<!-- google_ad_section_start -->' . parse_bbc(parse_acronyms($message['body']), $message['smileys_enabled'], $message['id_msg']) . '<!-- google_ad_section_end -->';
	
	// There is an image?
	if (!isset($context['og_image']) && strpos($message['body'], '<img src="') !== false)
	{
		preg_match('/< *img[^>]*src *= *["\']?([^"\']*)/i', $message['body'], $img);
		
		if (!empty($img) && count($img) > 1 && substr($img[1], 0, strlen($modSettings['smileys_url'])) != $modSettings['smileys_url'])
    		$context['og_image'] = $img[1];
    		
		unset($img);
	}
	
	$context['signatures_array'] = isset($context['signatures_array']) ? $context['signatures_array'] : array();
	if (!empty($modSettings['seo_signature_once']) && $user_info['is_guest'] && in_array($message['id_member'], $context['signatures_array']))
	   $memberContext[$message['id_member']]['signature'] = '';
	$context['signatures_array'][] = $message['id_member'];
	
	// Add Linkback!
	if (!empty($modSettings['seo_enable_linkback']) && $topicinfo['id_first_msg'] == $message['id_msg'] && (($modSettings['seo_enable_linkback'] == 2) || ($modSettings['seo_enable_linkback'] == 1 && $user_info['is_guest'])))
		$message['body'] .= '<br /><br /><span class="smalltext">' . $txt['seo_linkback'] . ': ' . $scripturl . '?topic=' . $topic . '.0</span>';
		
	// Add the share post part
	$social_content = seo_social_bookmarks('post', $message['subject'], $message['id_msg']);
	if ($social_content != '')
		$memberContext[$message['id_member']]['custom_fields'][-5] = array('title' => '', 'value' => $social_content, 'placement' => 1);]]></add>
		</operation>
	</file>
	<file name="$sourcedir/Errors.php">
		<operation>
			<search position="replace"><![CDATA[// Don't bother indexing errors mate...]]></search>
			<add><![CDATA[if (!isset($txt['topic_gone']))
		loadLanguage('Errors');

	if (in_array($error_message, array($txt['topic_gone'], $txt['no_board'], $txt['not_a_user'], $txt['not_a_topic'], $txt['attachment_not_found'])))
		header("HTTP/1.0 404 Not Found");
	else
		header('HTTP/1.1 500 Internal Server Error');

	// Don't bother indexing errors mate...]]></add>
		</operation>
	</file>
	<file name="$sourcedir/Load.php">
		<operation>
			<search position="replace"><![CDATA[// The theme was specified by REQUEST.]]></search>
			<add><![CDATA[// SMFPacks SEO: Select a theme for guests
	elseif ($user_info['is_guest'] && !empty($modSettings['seo_enable_guest_theme']) && isset($modSettings['seo_guests_theme']))
		$id_theme = (int) $modSettings['seo_guests_theme'];
	// The theme was specified by REQUEST.]]></add>
		</operation>
		<operation error="ignore">
			<search position="replace"><![CDATA['website' => array(
			'title' => $profile['website_title'],
			'url' => $profile['website_url'],
		),]]></search>
			<add><![CDATA['website' => array(
			'title' => $profile['website_title'],
			'url' => seo_external_url($profile['website_url'], $profile['website_url'], false, false, false, true),
		),]]></add>
		</operation>
		<operation>
			<search position="replace"><![CDATA[if ($context['browser']['possibly_robot'])
		{
			//!!! Maybe move this somewhere better?!
			require_once($sourcedir . '/ScheduledTasks.php');

			// What to do, what to do?!
			if (empty($modSettings['next_task_time']) || $modSettings['next_task_time'] < time())
				AutoTask();
			else
				ReduceMailQueue();
		}
		else
		{
			$type = empty($modSettings['next_task_time']) || $modSettings['next_task_time'] < time() ? 'task' : 'mailq';
			$ts = $type == 'mailq' ? $modSettings['mail_next_send'] : $modSettings['next_task_time'];

			$context['html_headers'] .= '
	<script type="text/javascript">
		function smfAutoTask()
		{
			var tempImage = new Image();
			tempImage.src = "' . $scripturl . '?scheduled=' . $type . ';ts=' . $ts . '";
		}
		window.setTimeout("smfAutoTask();", 1);
	</script>';
		}]]></search>
			<add><![CDATA[//!!! Maybe move this somewhere better?!
		require_once($sourcedir . '/ScheduledTasks.php');

		// What to do, what to do?!
		if (empty($modSettings['next_task_time']) || $modSettings['next_task_time'] < time())
			AutoTask();
		else
			ReduceMailQueue();
		
		$type = empty($modSettings['next_task_time']) || $modSettings['next_task_time'] < time() ? 'task' : 'mailq';
		$ts = $type == 'mailq' ? $modSettings['mail_next_send'] : $modSettings['next_task_time'];

		$context['html_headers'] .= '
	<script type="text/javascript">
		function smfAutoTask()
		{
			var tempImage = new Image();
			tempImage.src = "' . $scripturl . '?scheduled=' . $type . ';ts=' . $ts . '";
		}
		window.setTimeout("smfAutoTask();", 1);
	</script>';]]></add>
		</operation>
	</file>
	<file name="$sourcedir/MessageIndex.php">
		<operation>
			<search position="replace"><![CDATA[if (!in_array($k, array('board', 'start', $session_name)))]]></search>
			<add><![CDATA[if (!in_array($k, array('board', 'start', 'seomod', $session_name)) && strpos($k, '/') === false && substr($k, 0, 1) !== 'b')]]></add>
		</operation>
		<operation>
			<search position="replace"><![CDATA[if (!empty($_REQUEST['start']) && (!is_numeric($_REQUEST['start']) || $_REQUEST['start'] % $context['messages_per_page'] != 0))]]></search>
			<add><![CDATA[if (!empty($_REQUEST['start']) && !is_numeric($_REQUEST['start']))]]></add>
		</operation>
	</file>
	<file name="$sourcedir/News.php">
		<operation>
			<search position="replace"><![CDATA[global $user_info, $scripturl, $modSettings, $board;]]></search>
			<add><![CDATA[global $user_info, $scripturl, $modSettings, $board, $txt;]]></add>
		</operation>
		<operation>
			<search position="replace"><![CDATA[global $user_info, $scripturl, $modSettings, $board;]]></search>
			<add><![CDATA[global $user_info, $scripturl, $modSettings, $board, $txt;]]></add>
		</operation>
		<operation>
			<search position="replace"><![CDATA[// Being news, this actually makes sense in rss format.]]></search>
			<add><![CDATA[if (!empty($modSettings['seo_enable_linkback']) && $row['id_first_msg'] == $row['id_msg'])
			$row['body'] .= '<br /><br /><span class="smalltext">' . $txt['seo_linkback'] . ': ' . $scripturl . '?topic=' . $row['id_topic'] . '.0</span>';

		// Being news, this actually makes sense in rss format.]]></add>
		</operation>
		<operation>
			<search position="replace"><![CDATA[m.body, m.modified_time,]]></search>
			<add><![CDATA[m.body, m.modified_time, t.id_first_msg,]]></add>
		</operation>
		<operation>
			<search position="replace"><![CDATA[m.id_topic, t.id_board,]]></search>
			<add><![CDATA[m.id_topic, t.id_board, t.id_first_msg,]]></add>
		</operation>
		<operation>
			<search position="replace"><![CDATA[// Doesn't work as well as news, but it kinda does..]]></search>
			<add><![CDATA[if (!empty($modSettings['seo_enable_linkback']) && $row['id_first_msg'] == $row['id_msg'])
			$row['body'] .= '<br /><br /><span class="smalltext">' . $txt['seo_linkback'] . ': ' . $scripturl . '?topic=' . $row['id_topic'] . '.0</span>';

		// Doesn't work as well as news, but it kinda does..]]></add>
		</operation>
	</file>
	<file name="$sourcedir/Security.php">
		<operation>
			<search position="replace"><![CDATA[is_not_guest($txt['cannot_' . $error_permission]);]]></search>
			<add><![CDATA[is_not_guest($txt['cannot_' . $error_permission]);
			header('HTTP/1.1 403 Forbidden');]]></add>
		</operation>
		<operation>
			<search position="replace"><![CDATA[obExit();]]></search>
			<add><![CDATA[// Proper error!
	if (!isset($txt['topic_gone']))
		loadLanguage('Errors');

	if (in_array($message, array($txt['topic_gone'], $txt['no_board'], $txt['not_a_user'], $txt['not_a_topic'], $txt['attachment_not_found'])))
		header("HTTP/1.0 404 Not Found");
	else
		header('HTTP/1.1 403 Forbidden');

	obExit();]]></add>
		</operation>
	</file>
	<file name="$sourcedir/Post.php">
		<operation>
		<search position="replace"><![CDATA[t.id_last_msg, mf.id_member,]]></search>
		<add><![CDATA[t.id_last_msg, mf.id_member, t.meta_keyword, t.meta_desc, t.meta_noindex,]]></add>
		</operation>
		<operation>
		<search position="replace"><![CDATA[$context['topic_last_message'], $id_member_poster,]]></search>
		<add><![CDATA[$context['topic_last_message'], $id_member_poster, $context['meta_keywords'], $context['meta_desc'], $context['meta_noindex'],]]></add>
		</operation>
		<operation>
		<search position="replace"><![CDATA[// This is an already existing message. Edit it.]]></search>
		<add><![CDATA[// SMFPacks SEO Pro
	if (!empty($modSettings['seo_custom_meta']) && allowedTo('post_custom_meta') && ($newTopic || (!empty($_REQUEST['msg']) && isset($topic_info) && $topic_info['id_first_msg'] == $_REQUEST['msg'])))
	{
		$msgOptions['meta_desc'] = !empty($_POST['meta_desc']) ? $_POST['meta_desc'] : '';
		$msgOptions['meta_keywords'] = !empty($_POST['meta_keywords']) ? $_POST['meta_keywords'] : '';
		$msgOptions['meta_noindex'] = !empty($_POST['meta_noindex']) ? 1 : 0;
	}

	// This is an already existing message. Edit it.]]></add>
		</operation>
	</file>
	<file name="$sourcedir/Subs-Post.php">
		<operation>
			<search position="replace"><![CDATA[$message = preg_replace('~\.{100,}~', '...', $message);]]></search>
			<add><![CDATA[$message = preg_replace('~\.{100,}~', '...', $message);
	
	// Manage titled links!
	if (!empty($modSettings['seo_add_title_urls']) && !$previewing)
	{
		global $sourcedir;
		require_once($sourcedir . '/Subs-Seo.php');
		$message = seo_title_links($message);
	}]]></add>
		</operation>
		<operation>
			<search position="replace"><![CDATA[// Creating is modifying...in a way.]]></search>
			<add><![CDATA[// SMFPacks SEO Pro
	global $sourcedir;
	require_once($sourcedir . '/Subs-Seo.php');
	seo_post();

	// Creating is modifying...in a way.]]></add>
		</operation>
		<operation>
			<search position="replace"><![CDATA['id_poll' => 'int', 'unapproved_posts' => 'int',]]></search>
			<add><![CDATA['id_poll' => 'int', 'unapproved_posts' => 'int', 'meta_desc' => 'string', 'meta_keyword' => 'string', 'meta_noindex' => 'int',]]></add>
		</operation>
		<operation>
			<search position="replace"><![CDATA[$msgOptions['approved'] ? 0 : 1, $msgOptions['approved'],]]></search>
			<add><![CDATA[$msgOptions['approved'] ? 0 : 1, isset($msgOptions['meta_desc']) ? $msgOptions['meta_desc'] : '', isset($msgOptions['meta_keywords']) ? $msgOptions['meta_keywords'] : '', !empty($msgOptions['meta_noindex']) ? 1 : 0, $msgOptions['approved'],]]></add>
		</operation>
		<operation>
			<search position="replace"><![CDATA[' . ($msgOptions['approved'] ? 'id_member_updated = {int:poster_id}, id_last_msg = {int:id_msg},' : '') . ']]></search>
			<add><![CDATA[' . (isset($msgOptions['meta_desc']) && !empty($modSettings['seo_custom_meta']) && allowedTo('post_custom_meta') ? 'meta_desc = {string:meta_desc},' : '') . '
				' . (isset($msgOptions['meta_keywords']) && !empty($modSettings['seo_custom_meta']) && allowedTo('post_custom_meta') ? 'meta_keyword = {string:meta_keywords},' : '') . '
				' . (isset($msgOptions['meta_noindex']) && !empty($modSettings['seo_custom_meta']) && allowedTo('post_custom_meta') ? 'meta_noindex = {int:meta_noindex},' : '') . '
				' . ($msgOptions['approved'] ? 'id_member_updated = {int:poster_id}, id_last_msg = {int:id_msg},' : '') . ']]></add>
		</operation>
		<operation>
			<search position="replace"><![CDATA['is_sticky' => $topicOptions['sticky_mode'],
				'id_topic' => $topicOptions['id'],]]></search>
			<add><![CDATA['is_sticky' => $topicOptions['sticky_mode'],
				'id_topic' => $topicOptions['id'],
				'meta_keywords' => isset($msgOptions['meta_keywords']) ? $msgOptions['meta_keywords'] : '',
				'meta_desc' => isset($msgOptions['meta_desc']) ? $msgOptions['meta_desc'] : '',
				'meta_noindex' => !empty($msgOptions['meta_noindex']) ? 1 : 0,]]></add>
		</operation>
		<operation>
			<search position="replace"><![CDATA[// Lock and or sticky the post.]]></search>
			<add><![CDATA[// Update meta data (if we are not doing javascript modification).
	if (!empty($modSettings['seo_custom_meta']) && allowedTo('post_custom_meta') && (!isset($_GET['action']) || $_GET['action'] != 'jsmodify'))
	{
		// We also need to check if this is the first message!
		$smcFunc['db_query']('', '
			UPDATE {db_prefix}topics
			SET meta_keyword = {string:meta_keywords}, meta_desc = {string:meta_desc}, meta_noindex = {int:meta_noindex}
			WHERE id_topic = {int:id_topic}
				AND id_first_msg = {int:id_msg}
			LIMIT 1',
			array(
				'id_msg' => $msgOptions['id'],
				'id_topic' => $topicOptions['id'],
				'meta_desc' => isset($msgOptions['meta_desc']) ? $msgOptions['meta_desc'] : '',
				'meta_keywords' => isset($msgOptions['meta_keywords']) ? $msgOptions['meta_keywords'] : '',
				'meta_noindex' => !empty($msgOptions['meta_noindex']) ? 1 : 0,
			)
		);
	}

	// Lock and or sticky the post.]]></add>
		</operation>
	</file>
	<file name="$sourcedir/Subs.php">
		<operation>
			<search position="replace"><![CDATA[$context['meta_keywords'] = !empty($modSettings['meta_keywords']) ? $smcFunc['htmlspecialchars']($modSettings['meta_keywords']) : '';]]></search>
			<add><![CDATA[if (!isset($context['meta_keywords']))
		$context['meta_keywords'] = !empty($modSettings['meta_keywords']) ? $smcFunc['htmlspecialchars']($modSettings['meta_keywords']) : '';
	
	// This function does magic!
	init_seo();]]></add>
		</operation>
    </file>
    
    <file name="$themedir/Post.template.php">
		<operation>
			<search position="replace"><![CDATA[// Loop through each message icon allowed, adding it to the drop down list.
	foreach ($context['icons'] as $icon)
		echo '
								<option value="', $icon['value'], '"', $icon['value'] == $context['icon'] ? ' selected="selected"' : '', '>', $icon['name'], '</option>';

	echo '
							</select>
							<img src="', $context['icon_url'], '" name="icons" hspace="15" alt="" />
						</dd>]]></search>
			<add><![CDATA[// Loop through each message icon allowed, adding it to the drop down list.
	foreach ($context['icons'] as $icon)
		echo '
								<option value="', $icon['value'], '"', $icon['value'] == $context['icon'] ? ' selected="selected"' : '', '>', $icon['name'], '</option>';

	echo '
							</select>
							<img src="', $context['icon_url'], '" name="icons" hspace="15" alt="" />
						</dd>';
						
				if ($context['is_first_post'] && !empty($modSettings['seo_custom_meta']) && allowedTo('post_custom_meta'))
					echo'
						<dt class="clear_left">
							', $txt['seo_meta_keywords'], ':
						</dt>
						<dd>
							<input type="text" id="meta_keywords" name="meta_keywords" value="' . (isset($context['meta_keywords']) ? $context['meta_keywords'] : '') . '" tabindex="', $context['tabindex']++, '" size="60" class="input_text" /> (<span id="meta_keywords_counter" style="color: inherit; ">0</span>)
						</dd>
						<dt class="clear_left">
							', $txt['seo_meta_desc'], ':
						</dt>
						<dd>
							<input type="text" id="meta_desc" name="meta_desc" value="' . (isset($context['meta_desc']) ? $context['meta_desc'] : '') . '" tabindex="', $context['tabindex']++, '" size="60" class="input_text" /> (<span id="meta_desc_counter" style="color: inherit; ">0</span>)
						</dd>
						<dt class="clear_left">
							', $txt['seo_meta_noindex'], ':
						</dt>
						<dd>
							<input type="checkbox" id="meta_noindex" name="meta_noindex"' . (!empty($context['meta_noindex']) ? ' checked="checked"' : '') . '" tabindex="', $context['tabindex']++, '" class="input_check" />
						</dd>';
						
	echo ']]></add>
		</operation>		 
	</file>
	<file name="$themedir/BoardIndex.template.php">
		<operation error="ignore">
			<search position="replace"><![CDATA[<a class="subject" href="', $board['href'], '" name="b', $board['id'], '">', $board['name'], '</a>]]></search>
			<add><![CDATA[<h2 class="regular_text"><a class="subject" href="', $board['href'], '" name="b', $board['id'], '">', $board['name'], '</a></h2>]]></add>
		</operation>		 
	</file>
	<file name="$themedir/Display.template.php">
		<operation error="ignore">
			<search position="replace"><![CDATA[<a href="', $scripturl, '?action=profile;u=', $message['member']['id'], '">]]></search>
			<add><![CDATA[<a href="', $scripturl, '?action=profile;u=', $message['member']['id'], '" rel="nofollow">]]></add>
		</operation>
	</file>
	<file name="$themedir/MessageIndex.template.php">	
		<operation error="ignore">
			<search position="replace"><![CDATA[<a href="', $scripturl, '?board=', $context['current_board'], '.', $context['start'], ';sort=subject', $context['sort_by'] == 'subject' && $context['sort_direction'] == 'up' ? ';desc' : '', '">', $txt['subject'], $context['sort_by'] == 'subject' ? ' <img src="' . $settings['images_url'] . '/sort_' . $context['sort_direction'] . '.gif" alt="" />' : '', '</a> / <a href="', $scripturl, '?board=', $context['current_board'], '.', $context['start'], ';sort=starter', $context['sort_by'] == 'starter' && $context['sort_direction'] == 'up' ? ';desc' : '', '">', $txt['started_by'], $context['sort_by'] == 'starter' ? ' <img src="' . $settings['images_url'] . '/sort_' . $context['sort_direction'] . '.gif" alt="" />' : '', '</a>]]></search>
			<add><![CDATA[<a href="', $scripturl, '?board=', $context['current_board'], '.', $context['start'], ';sort=subject', $context['sort_by'] == 'subject' && $context['sort_direction'] == 'up' ? ';desc' : '', '" rel="nofollow">', $txt['subject'], $context['sort_by'] == 'subject' ? ' <img src="' . $settings['images_url'] . '/sort_' . $context['sort_direction'] . '.gif" alt="" />' : '', '</a> / <a href="', $scripturl, '?board=', $context['current_board'], '.', $context['start'], ';sort=starter', $context['sort_by'] == 'starter' && $context['sort_direction'] == 'up' ? ';desc' : '', '" rel="nofollow">', $txt['started_by'], $context['sort_by'] == 'starter' ? ' <img src="' . $settings['images_url'] . '/sort_' . $context['sort_direction'] . '.gif" alt="" />' : '', '</a>]]></add>
		</operation>
		<operation error="ignore">
			<search position="replace"><![CDATA[<a href="', $scripturl, '?board=', $context['current_board'], '.', $context['start'], ';sort=replies', $context['sort_by'] == 'replies' && $context['sort_direction'] == 'up' ? ';desc' : '', '">', $txt['replies'], $context['sort_by'] == 'replies' ? ' <img src="' . $settings['images_url'] . '/sort_' . $context['sort_direction'] . '.gif" alt="" />' : '', '</a> / <a href="', $scripturl, '?board=', $context['current_board'], '.', $context['start'], ';sort=views', $context['sort_by'] == 'views' && $context['sort_direction'] == 'up' ? ';desc' : '', '">', $txt['views'], $context['sort_by'] == 'views' ? ' <img src="' . $settings['images_url'] . '/sort_' . $context['sort_direction'] . '.gif" alt="" />' : '', '</a>]]></search>
			<add><![CDATA[<a href="', $scripturl, '?board=', $context['current_board'], '.', $context['start'], ';sort=replies', $context['sort_by'] == 'replies' && $context['sort_direction'] == 'up' ? ';desc' : '', '" rel="nofollow">', $txt['replies'], $context['sort_by'] == 'replies' ? ' <img src="' . $settings['images_url'] . '/sort_' . $context['sort_direction'] . '.gif" alt="" />' : '', '</a> / <a href="', $scripturl, '?board=', $context['current_board'], '.', $context['start'], ';sort=views', $context['sort_by'] == 'views' && $context['sort_direction'] == 'up' ? ';desc' : '', '" rel="nofollow">', $txt['views'], $context['sort_by'] == 'views' ? ' <img src="' . $settings['images_url'] . '/sort_' . $context['sort_direction'] . '.gif" alt="" />' : '', '</a>]]></add>
		</operation>
		<operation error="ignore">
			<search position="replace"><![CDATA[<a href="', $scripturl, '?board=', $context['current_board'], '.', $context['start'], ';sort=last_post', $context['sort_by'] == 'last_post' && $context['sort_direction'] == 'up' ? ';desc' : '', '">', $txt['last_post'], $context['sort_by'] == 'last_post' ? ' <img src="' . $settings['images_url'] . '/sort_' . $context['sort_direction'] . '.gif" alt="" />' : '', '</a>]]></search>
			<add><![CDATA[<a href="', $scripturl, '?board=', $context['current_board'], '.', $context['start'], ';sort=last_post', $context['sort_by'] == 'last_post' && $context['sort_direction'] == 'up' ? ';desc' : '', '" rel="nofollow">', $txt['last_post'], $context['sort_by'] == 'last_post' ? ' <img src="' . $settings['images_url'] . '/sort_' . $context['sort_direction'] . '.gif" alt="" />' : '', '</a>]]></add>
		</operation>
		<operation error="ignore">
			<search position="replace"><![CDATA[<a href="', $scripturl, '?board=', $context['current_board'], '.', $context['start'], ';sort=last_post', $context['sort_by'] == 'last_post' && $context['sort_direction'] == 'up' ? ';desc' : '', '">', $txt['last_post'], $context['sort_by'] == 'last_post' ? ' <img src="' . $settings['images_url'] . '/sort_' . $context['sort_direction'] . '.gif" alt="" />' : '', '</a>]]></search>
			<add><![CDATA[<a href="', $scripturl, '?board=', $context['current_board'], '.', $context['start'], ';sort=last_post', $context['sort_by'] == 'last_post' && $context['sort_direction'] == 'up' ? ';desc' : '', '" rel="nofollow">', $txt['last_post'], $context['sort_by'] == 'last_post' ? ' <img src="' . $settings['images_url'] . '/sort_' . $context['sort_direction'] . '.gif" alt="" />' : '', '</a>]]></add>
		</operation>
	</file>
	
	<file name="$themedir/css/index.css">
		<operation>
			<search position="end" />
			<add><![CDATA[
.regular_text
{
	font-size: 100%;
	font-weight: normal;
}
]]></add>
		</operation>
	</file>
</modification>