<?xml version="1.0"?>
<!DOCTYPE modification SYSTEM "http://www.simplemachines.org/xml/modification">
<modification xmlns="http://www.simplemachines.org/xml/modification" xmlns:smf="http://www.simplemachines.org/">
	<id>SMFPacks:seopromod</id>
	<name>SMFPacks: SEO Pro Mod</name>
	<version>2.4.6</version>
	<file name="$boarddir/index.php">
		<operation>
			<search position="replace"><![CDATA[return 'BoardIndex';]]></search>
			<add><![CDATA[if (isset($_REQUEST['action']) && $_REQUEST['action'] != 'forum')
					header("HTTP/1.0 404 Not Found");

				return 'BoardIndex';]]></add>
		</operation>
	</file>
	
	<file name="$sourcedir/Aeva-Embed.php" error="skip">
		<operation>
			<search position="replace"><![CDATA[// Local files embed - do some magic]]></search>
			<add><![CDATA[// SMFPacks SEO Pro: Compatibility with Aeva
	global $scripturl, $boardurl;
	$match = !empty($modSettings['enable_pretty_actions']) && !empty($modSettings['enable_pretty_urls']) ? $boardurl . '/seored/u=' : $scripturl . '?action=seored;u=';
	if (!empty($modSettings['seo_redirect_external']) && strpos($input, $match) !== false && isset($sites[$upto]['website']) && !empty($sites[$upto]['website'])  && trim($sites[$upto]['website']) !==  '' && trim(str_replace('http://www.', '', $sites[$upto]['website'])) !== '' && strpos($input, str_replace('http://www.', '', $sites[$upto]['website'])) !== false)
	{
		$input = str_replace($match, '', $input);
		$input = urldecode($input);
	}

	// Local files embed - do some magic]]></add>
		</operation>
	</file>
	<file name="$sourcedir/Display.php">
		<operation>
			<search position="replace"><![CDATA[if (!in_array($k, array('topic', 'board', 'start', session_name())))]]></search>
			<add><![CDATA[if (!in_array($k, array('topic', 'board', 'seomod', 'start', session_name())) && strpos($k, '/') === false && substr($k, 0, 1) !== 'b' && substr($k, 0, 1) !== 't')]]></add>
		</operation>
		<operation>
			<search position="replace"><![CDATA[// Censor the title...]]></search>
			<add><![CDATA[// Parse acronyms
	parse_acronyms($context['topicinfo']['subject']);

	// Censor the title...]]></add>
		</operation>
	</file>
	<file name="$sourcedir/Errors.php">
		<operation>
			<search position="replace"><![CDATA[// Don't bother indexing errors mate...]]></search>
			<add><![CDATA[if (!isset($txt['topic_gone']))
		loadLanguage('Errors');

	if (in_array($error_message, array($txt['topic_gone'], $txt['no_board'], $txt['not_a_user'], $txt['not_a_topic'], $txt['attachment_not_found'])))
		header("HTTP/1.0 404 Not Found");
	else
		header('HTTP/1.1 500 Internal Server Error');

	// Don't bother indexing errors mate...]]></add>
		</operation>
	</file>
	<file name="$sourcedir/MessageIndex.php">
		<operation>
			<search position="replace"><![CDATA[if (!in_array($k, array('board', 'start', $session_name)))]]></search>
			<add><![CDATA[if (!in_array($k, array('board', 'start', 'seomod', $session_name)) && strpos($k, '/') === false && substr($k, 0, 1) !== 'b')]]></add>
		</operation>
		<operation>
			<search position="replace"><![CDATA[if (!empty($_REQUEST['start']) && (!is_numeric($_REQUEST['start']) || $_REQUEST['start'] % $context['topics_per_page'] != 0))]]></search>
			<add><![CDATA[if (!empty($_REQUEST['start']) && !is_numeric($_REQUEST['start']))]]></add>
		</operation>
	</file>
	<file name="$sourcedir/News.php">
		<operation>
			<search position="replace"><![CDATA[// Being news, this actually makes sense in rss format.]]></search>
			<add><![CDATA[if (!empty($modSettings['seo_enable_linkback']) && $row['id_first_msg'] == $row['id_msg'])
			$row['body'] .= '<br /><br /><span class="smalltext">' . $txt['seo_linkback'] . ': ' . $scripturl . '?topic=' . $row['id_topic'] . '.0</span>';

		// Being news, this actually makes sense in rss format.]]></add>
		</operation>
		<operation>
			<search position="replace"><![CDATA[m.body, m.modified_time,]]></search>
			<add><![CDATA[m.body, m.modified_time, t.id_first_msg,]]></add>
		</operation>
		<operation>
			<search position="replace"><![CDATA[m.id_topic, t.id_board,]]></search>
			<add><![CDATA[m.id_topic, t.id_board, t.id_first_msg,]]></add>
		</operation>
		<operation>
			<search position="replace"><![CDATA[// Doesn't work as well as news, but it kinda does..]]></search>
			<add><![CDATA[if (!empty($modSettings['seo_enable_linkback']) && $row['id_first_msg'] == $row['id_msg'])
			$row['body'] .= '<br /><br /><span class="smalltext">' . $txt['seo_linkback'] . ': ' . $scripturl . '?topic=' . $row['id_topic'] . '.0</span>';

		// Doesn't work as well as news, but it kinda does..]]></add>
		</operation>
	</file>
	<file name="$sourcedir/Security.php">
		<operation>
			<search position="replace"><![CDATA[is_not_guest($txt['cannot_' . $error_permission]);]]></search>
			<add><![CDATA[is_not_guest($txt['cannot_' . $error_permission]);
			header('HTTP/1.1 403 Forbidden');]]></add>
		</operation>
		<operation>
			<search position="replace"><![CDATA[obExit();]]></search>
			<add><![CDATA[// Proper error!
	if (!isset($txt['topic_gone']))
		loadLanguage('Errors');

	if (in_array($message, array($txt['topic_gone'], $txt['no_board'], $txt['not_a_user'], $txt['not_a_topic'], $txt['attachment_not_found'])))
		header("HTTP/1.0 404 Not Found");
	else
		header('HTTP/1.1 403 Forbidden');

	obExit();]]></add>
		</operation>
	</file>
	<file name="$sourcedir/Post.php">
		<operation>
		<search position="replace"><![CDATA[t.id_last_msg, mf.id_member,]]></search>
		<add><![CDATA[t.id_last_msg, mf.id_member, t.meta_keyword, t.meta_desc, t.meta_noindex,]]></add>
		</operation>
		<operation>
		<search position="replace"><![CDATA[$context['topic_last_message'], $id_member_poster,]]></search>
		<add><![CDATA[$context['topic_last_message'], $id_member_poster, $context['meta_keywords'], $context['meta_desc'], $context['meta_noindex'],]]></add>
		</operation>
		<operation>
		<search position="replace"><![CDATA[// This is an already existing message. Edit it.]]></search>
		<add><![CDATA[// SMFPacks SEO Pro
	if (!empty($modSettings['seo_custom_meta']) && allowedTo('post_custom_meta') && ($newTopic || (!empty($_REQUEST['msg']) && isset($topic_info) && $topic_info['id_first_msg'] == $_REQUEST['msg'])))
	{
		$msgOptions['meta_desc'] = !empty($_POST['meta_desc']) ? $_POST['meta_desc'] : '';
		$msgOptions['meta_keywords'] = !empty($_POST['meta_keywords']) ? $_POST['meta_keywords'] : '';
		$msgOptions['meta_noindex'] = !empty($_POST['meta_noindex']) ? 1 : 0;
	}

	// This is an already existing message. Edit it.]]></add>
		</operation>
	</file>
	<file name="$sourcedir/Subs-Post.php">
		<operation>
			<search position="replace"><![CDATA[$message = preg_replace('~\.{100,}~', '...', $message);]]></search>
			<add><![CDATA[$message = preg_replace('~\.{100,}~', '...', $message);
	
	// Manage titled links!
	if (!empty($modSettings['seo_add_title_urls']) && !$previewing)
	{
		global $sourcedir;
		require_once($sourcedir . '/Subs-Seo.php');
		$message = seo_title_links($message);
	}]]></add>
		</operation>
		<operation>
			<search position="replace"><![CDATA[// Creating is modifying...in a way.]]></search>
			<add><![CDATA[// SMFPacks SEO Pro
	global $sourcedir;
	require_once($sourcedir . '/Subs-Seo.php');
	seo_post();

	// Creating is modifying...in a way.]]></add>
		</operation>
	</file>
	<file name="$sourcedir/Subs.php">
		<operation>
			<search position="replace"><![CDATA[$context['meta_keywords'] = !empty($modSettings['meta_keywords']) ? $smcFunc['htmlspecialchars']($modSettings['meta_keywords']) : '';]]></search>
			<add><![CDATA[if (!isset($context['meta_keywords']))
		$context['meta_keywords'] = !empty($modSettings['meta_keywords']) ? $smcFunc['htmlspecialchars']($modSettings['meta_keywords']) : '';]]></add>
		</operation>
    </file>
	<file name="$themedir/BoardIndex.template.php">
		<operation error="ignore">
			<search position="replace"><![CDATA[<a class="subject mobile_subject" href="', $board['href'], '" id="b', $board['id'], '">]]></search>
			<add><![CDATA[<h2 class="regular_text"><a class="subject mobile_subject" href="', $board['href'], '" id="b', $board['id'], '"></h2>]]></add>
		</operation>		 
	</file>
	<file name="$themedir/Display.template.php">
		<operation error="ignore">
			<search position="replace"><![CDATA[<a href="', $message['member']['href'], '">', $message['member']['avatar']['image'], '</a>]]></search>
			<add><![CDATA[<a href="', $message['member']['href'], '" rel="nofollow">', $message['member']['avatar']['image'], '</a>]]></add>
		</operation>
		<operation error="ignore">
			<search position="replace"><![CDATA[// Show the moderation button & pop (if there is anything to show)]]></search>
			<add><![CDATA[// SEO Additions
	echo seo_social_bookmarks();
	echo seo_related_topics($context['subject']);

	// Show the moderation button & pop (if there is anything to show)]]></add>
		</operation>
	</file>
	<file name="$themedir/css/index.css">
		<operation>
			<search position="end" />
			<add><![CDATA[
.regular_text
{
	font-size: 100%;
	font-weight: normal;
}
]]></add>
		</operation>
	</file>
</modification>