<?xml version="1.0"?>
<!DOCTYPE package-info SYSTEM "http://www.simplemachines.org/xml/package-info">
<package-info xmlns="http://www.simplemachines.org/xml/package-info" xmlns:smf="http://www.simplemachines.org/">
	<id>SMFPacks:seopromod</id>
	<name>SMFPacks: SEO Pro Mod</name>
	<version>2.4.11</version>
	<type>modification</type>

	<install for="2.1 BETA 1, 2.1 BETA 2, 2.1 BETA 3, 2.1 RC1, 2.1 RC2, 2.1 RC3, 2.1 RC4, 2.1 - 2.1.99">
        <database>db_install.php</database>
		<require-file name="Seo.php" destination="$boarddir" />
		<require-file name="SeoSitemapStyle.php" destination="$boarddir" />
		<require-dir name="Sources" destination="$boarddir" />
		<require-dir name="Themes" destination="$boarddir" />
		<require-dir name="sitemaps" destination="$boarddir" />
		<require-file name="robots.txt" destination="$boarddir" />
        <require-dir name="admin" destination="$imagesdir" />
		<modification format="xml" type="file">install_21.xml</modification>
		<hook hook="integrate_display_topic" function="seo_display_topic" />
		<hook hook="integrate_display_buttons" function="seo_display_buttons" />
		<hook hook="integrate_prepare_display_context" function="seo_prepare_display_context" />
		<hook hook="integrate_pre_load_theme" function="seo_pre_load_theme" />
		<hook hook="integrate_member_context" function="seo_member_context" />
		<hook hook="integrate_before_create_topic" function="seo_before_create_topic" />
		<hook hook="integrate_modify_topic" function="seo_modify_topic" />
		<hook hook="integrate_modify_post" function="seo_modify_post" />
		<hook hook="integrate_theme_context" function="init_seo" />
		<hook hook="integrate_post_end" function="seo_post_end" />
		<hook hook="integrate_message_index" function="seo_message_index" />
	</install>
	
	<uninstall for="2.1 BETA 1, 2.1 BETA 2, 2.1 BETA 3, 2.1 RC1, 2.1 RC2, 2.1 RC3, 2.1 RC4, 2.1 - 2.1.99">
		<code>db_install.php</code>
		<remove-file name="$boarddir/Seo.php" />
		<remove-file name="$boarddir/SeoSitemapStyle.php" />
		<remove-file name="$boarddir/robots.txt" />
		<remove-dir name="$boarddir/sitemaps" />
		<remove-file name="$sourcedir/Subs-Seo.php" />
		<remove-file name="$sourcedir/SeoAdmin.php" />
		<remove-file name="$themedir/Seo.template.php" />
		<remove-file name="$themedir/css/seo.css" />
		<remove-dir name="$themedir/scripts/seo" />
		<remove-dir name="$imagesdir/seo" />
		<remove-file name="$imagesdir/admin/seo_404.png" />
		<remove-file name="$imagesdir/admin/seo_acronyms.png" />
		<remove-file name="$imagesdir/admin/seo_bookmarks.gif" />
		<remove-file name="$imagesdir/admin/seo_meta_tags.png" />
		<remove-file name="$imagesdir/admin/seo_redirects.png" />
		<remove-file name="$imagesdir/admin/seo_social_bookmarks.png" />
		<remove-file name="$languagedir/Seo.english.php" />
		<remove-file name="$languagedir/Seo.english_british.php" />
		<remove-file name="$languagedir/Seo.german.php" />
		<remove-file name="$languagedir/Seo.english-utf8.php" />
		<remove-file name="$languagedir/Seo.english_british-utf8.php" />
		<remove-file name="$languagedir/Seo.german-utf8.php" />
		<remove-file name="$languagedir/Seo.spanish_latin-utf8.php" />
		<remove-file name="$languagedir/Seo.spanish_latin.php" />
		<remove-file name="$languagedir/Seo.spanish_es-utf8.php" />
		<remove-file name="$languagedir/Seo.spanish_es.php" />
		<modification reverse="true">install_21.xml</modification>
		<hook hook="integrate_display_topic" function="seo_display_topic" reverse="true" />
		<hook hook="integrate_display_buttons" function="seo_display_buttons" reverse="true" />
		<hook hook="integrate_prepare_display_context" function="seo_prepare_display_context" reverse="true" />
		<hook hook="integrate_pre_load_theme" function="seo_pre_load_theme" reverse="true" />
		<hook hook="integrate_member_context" function="seo_member_context" reverse="true" />
		<hook hook="integrate_before_create_topic" function="seo_before_create_topic" reverse="true" />
		<hook hook="integrate_modify_topic" function="seo_modify_topic" reverse="true" />
		<hook hook="integrate_modify_post" function="seo_modify_post" reverse="true" />
		<hook hook="integrate_theme_context" function="init_seo" reverse="true" />
		<hook hook="integrate_post_end" function="seo_post_end" reverse="true" />
		<hook hook="integrate_message_index" function="seo_message_index" reverse="true" />
	</uninstall>

	<install for="2.0 - 2.0.99">
        <database>db_install.php</database>
		<require-file name="Seo.php" destination="$boarddir" />
		<require-file name="SeoSitemapStyle.php" destination="$boarddir" />
		<require-dir name="Sources" destination="$boarddir" />
		<require-dir name="Themes" destination="$boarddir" />
		<require-dir name="sitemaps" destination="$boarddir" />
		<require-file name="robots.txt" destination="$boarddir" />
        <require-dir name="admin" destination="$imagesdir" />
		<modification format="xml" type="file">install.xml</modification>
	</install>
	<uninstall for="2.0 - 2.0.99">
		<database>db_install.php</database>
		<remove-file name="$boarddir/Seo.php" />
		<remove-file name="$boarddir/SeoSitemapStyle.php" />
		<remove-file name="$boarddir/robots.txt" />
		<remove-dir name="$boarddir/sitemaps" />
		<remove-file name="$sourcedir/Subs-Seo.php" />
		<remove-file name="$sourcedir/SeoAdmin.php" />
		<remove-file name="$themedir/Seo.template.php" />
		<remove-file name="$themedir/css/seo.css" />
		<remove-dir name="$themedir/scripts/seo" />
		<remove-dir name="$imagesdir/seo" />
		<remove-file name="$imagesdir/admin/seo_404.png" />
		<remove-file name="$imagesdir/admin/seo_acronyms.png" />
		<remove-file name="$imagesdir/admin/seo_bookmarks.gif" />
		<remove-file name="$imagesdir/admin/seo_meta_tags.png" />
		<remove-file name="$imagesdir/admin/seo_redirects.png" />
		<remove-file name="$imagesdir/admin/seo_social_bookmarks.png" />
		<remove-file name="$languagedir/Seo.english.php" />
		<remove-file name="$languagedir/Seo.english_british.php" />
		<remove-file name="$languagedir/Seo.german.php" />
		<remove-file name="$languagedir/Seo.english-utf8.php" />
		<remove-file name="$languagedir/Seo.english_british-utf8.php" />
		<remove-file name="$languagedir/Seo.german-utf8.php" />
		<remove-file name="$languagedir/Seo.spanish_latin-utf8.php" />
		<remove-file name="$languagedir/Seo.spanish_latin.php" />
		<remove-file name="$languagedir/Seo.spanish_es-utf8.php" />
		<remove-file name="$languagedir/Seo.spanish_es.php" />
		<modification reverse="true">install.xml</modification>
	</uninstall>
</package-info>
